name,volume,margulis constant,left geod,right geod,ortho length,dx,dy,l_pow,r_pow,x,y,sinhdx,sinhdy,coshmu,cosf,sintx2,sinty2,box codes
"m007(1,2)",1.543568911471855074328472943,0.8849219503363376,(0.797871920114061-1.880387791578531j),(0.797871920114153-1.880387791578899j),(0.444131825865095+2.055124544740171j),0.22206591293262895,0.22206591293246603,1,1,(0.797871920114061-1.880387791578531j),(0.797871920114153-1.880387791578899j),0.2238955510918543,0.22389555109168735,1.417770836243611,-0.4656139455404528,-0.8076724426387041,-0.8076724426388125,"['111000000111000111001100001011011100100010100110101001000111000111101111000011111110000100110001001110010101010101101000001001000010110000101001101010000000000101011110011111001110001011011011011100101100011001101101110000010010110101001110']"
