name,volume,margulis constant,left geod,right geod,ortho length,dx,dy,l_pow,r_pow,x,y,sinhdx,sinhdy,coshmu,cosf,sintx2,sinty2,box codes
"m003(-3,1)",0.9427073627769277209212996031,0.7744266070099858,(0.584603685017988-2.495370455560468j),(0.584603685017988-2.495370455560469j),(0.525311320210391+1.810246162850034j),0.26265566010519553,0.2626556601051954,1,1,(0.584603685017988-2.495370455560468j),(0.584603685017988-2.495370455560469j),0.26568610906575285,0.26568610906575274,1.3151579513476952,-0.23716819534809544,-0.9482521781531359,-0.9482521781531361,"['111000000111000111001100001100110011001110000010011111110011000111000001000010010001001111011001010000100011000111000010001111011101000000011001000100001100001010100100010000000011101010100110111010100000010010111001000000100110100000111010']"
